{
    "name": "Node Project",
    "service": "js",
    "dockerComposeFile": "./compose.yml",
    "workspaceFolder": "/usr/local/js",
    "customizations": {
        "vscode": {
            "extensions": [
                "xabikos.JavaScriptSnippets",
                "christian-kohler.npm-intellisense",
                "jasonnutter.search-node-modules",
                "streetsidesoftware.code-spell-checker",
                "dbaeumer.vscode-eslint",
                "oderwat.indent-rainbow",
                "VisualStudioExptTeam.vscodeintellicode",
                "VisualStudioExptTeam.intellicode-api-usage-examples"
            ]
        }
    }
}